column,min,max,mean,median,std
sample_id,1.0,100.0,50.5,50.5,28.86607004772212
soil_ph,6.0,6.9,6.449999999999999,6.45,0.2872281323269015
nitrogen,18.0,26.0,22.020833333333336,22.0,2.7927734124581844
phosphorus,12.0,18.0,14.969072164948452,15.0,2.380981344939194
moisture,28.0,34.0,30.969072164948457,30.969072164948454,2.2111246380402103
